INSERT INTO categories (id,name) VALUES (1,'Category 1');
INSERT INTO categories (id,name) VALUES (2,'Category 2');
INSERT INTO categories (id,name) VALUES (3,'Category 3');
INSERT INTO categories (id,name) VALUES (4,'Category 4');
INSERT INTO categories (id,name) VALUES (5,'Category 5');
INSERT INTO categories (id,name) VALUES (6,'Category 6');
INSERT INTO categories (id,name) VALUES (7,'Category 7');
INSERT INTO categories (id,name) VALUES (8,'Category 8');
INSERT INTO categories (id,name) VALUES (9,'Category 9');
INSERT INTO categories (id,name) VALUES (10,'Category 10');
INSERT INTO restaurants (id,name,address,area,phone) VALUES (1,'Restaurant 1','Street 153, Huế','Đà Nẵng','0973410353');
INSERT INTO restaurants (id,name,address,area,phone) VALUES (2,'Restaurant 2','Street 149, Cần Thơ','Cần Thơ','0915496765');
INSERT INTO restaurants (id,name,address,area,phone) VALUES (3,'Restaurant 3','Street 151, Hồ Chí Minh','Hà Nội','0956483777');
INSERT INTO restaurants (id,name,address,area,phone) VALUES (4,'Restaurant 4','Street 89, Cần Thơ','Cần Thơ','0938855842');
INSERT INTO restaurants (id,name,address,area,phone) VALUES (5,'Restaurant 5','Street 53, Đà Nẵng','Cần Thơ','0952235418');
INSERT INTO restaurants (id,name,address,area,phone) VALUES (6,'Restaurant 6','Street 13, Hà Nội','Cần Thơ','0947650548');
INSERT INTO restaurants (id,name,address,area,phone) VALUES (7,'Restaurant 7','Street 139, Đà Nẵng','Cần Thơ','0918609847');
INSERT INTO restaurants (id,name,address,area,phone) VALUES (8,'Restaurant 8','Street 115, Đà Nẵng','Đà Nẵng','0942705260');
INSERT INTO restaurants (id,name,address,area,phone) VALUES (9,'Restaurant 9','Street 175, Huế','Đà Nẵng','0925460701');
INSERT INTO restaurants (id,name,address,area,phone) VALUES (10,'Restaurant 10','Street 195, Đà Nẵng','Hà Nội','0984369988');
INSERT INTO restaurants (id,name,address,area,phone) VALUES (11,'Restaurant 11','Street 61, Huế','Huế','0921759342');
INSERT INTO restaurants (id,name,address,area,phone) VALUES (12,'Restaurant 12','Street 143, Đà Nẵng','Cần Thơ','0922709438');
INSERT INTO restaurants (id,name,address,area,phone) VALUES (13,'Restaurant 13','Street 29, Cần Thơ','Hồ Chí Minh','0948379849');
INSERT INTO restaurants (id,name,address,area,phone) VALUES (14,'Restaurant 14','Street 56, Huế','Hà Nội','0959803002');
INSERT INTO restaurants (id,name,address,area,phone) VALUES (15,'Restaurant 15','Street 194, Cần Thơ','Cần Thơ','0945478846');
INSERT INTO restaurants (id,name,address,area,phone) VALUES (16,'Restaurant 16','Street 156, Hà Nội','Hồ Chí Minh','0911635288');
INSERT INTO restaurants (id,name,address,area,phone) VALUES (17,'Restaurant 17','Street 176, Huế','Hà Nội','0984616449');
INSERT INTO restaurants (id,name,address,area,phone) VALUES (18,'Restaurant 18','Street 37, Hồ Chí Minh','Đà Nẵng','0961127396');
INSERT INTO restaurants (id,name,address,area,phone) VALUES (19,'Restaurant 19','Street 33, Hà Nội','Đà Nẵng','0936490118');
INSERT INTO restaurants (id,name,address,area,phone) VALUES (20,'Restaurant 20','Street 111, Hồ Chí Minh','Đà Nẵng','0939695908');
INSERT INTO restaurants (id,name,address,area,phone) VALUES (21,'Restaurant 21','Street 162, Cần Thơ','Huế','0946420424');
INSERT INTO restaurants (id,name,address,area,phone) VALUES (22,'Restaurant 22','Street 176, Cần Thơ','Hồ Chí Minh','0916510612');
INSERT INTO restaurants (id,name,address,area,phone) VALUES (23,'Restaurant 23','Street 106, Huế','Đà Nẵng','0915030848');
INSERT INTO restaurants (id,name,address,area,phone) VALUES (24,'Restaurant 24','Street 1, Đà Nẵng','Đà Nẵng','0946921349');
INSERT INTO restaurants (id,name,address,area,phone) VALUES (25,'Restaurant 25','Street 27, Hà Nội','Huế','0956830592');
INSERT INTO restaurants (id,name,address,area,phone) VALUES (26,'Restaurant 26','Street 87, Hà Nội','Hà Nội','0951330768');
INSERT INTO restaurants (id,name,address,area,phone) VALUES (27,'Restaurant 27','Street 118, Cần Thơ','Hà Nội','0930725464');
INSERT INTO restaurants (id,name,address,area,phone) VALUES (28,'Restaurant 28','Street 92, Hà Nội','Huế','0986979610');
INSERT INTO restaurants (id,name,address,area,phone) VALUES (29,'Restaurant 29','Street 115, Đà Nẵng','Cần Thơ','0921510144');
INSERT INTO restaurants (id,name,address,area,phone) VALUES (30,'Restaurant 30','Street 153, Hồ Chí Minh','Huế','0998574725');
INSERT INTO restaurants (id,name,address,area,phone) VALUES (31,'Restaurant 31','Street 85, Huế','Cần Thơ','0969814518');
INSERT INTO restaurants (id,name,address,area,phone) VALUES (32,'Restaurant 32','Street 170, Cần Thơ','Đà Nẵng','0933115923');
INSERT INTO restaurants (id,name,address,area,phone) VALUES (33,'Restaurant 33','Street 50, Hồ Chí Minh','Hồ Chí Minh','0915897042');
INSERT INTO restaurants (id,name,address,area,phone) VALUES (34,'Restaurant 34','Street 188, Cần Thơ','Đà Nẵng','0969483447');
INSERT INTO restaurants (id,name,address,area,phone) VALUES (35,'Restaurant 35','Street 147, Hà Nội','Hồ Chí Minh','0977907296');
INSERT INTO restaurants (id,name,address,area,phone) VALUES (36,'Restaurant 36','Street 101, Hà Nội','Cần Thơ','0953983116');
INSERT INTO restaurants (id,name,address,area,phone) VALUES (37,'Restaurant 37','Street 136, Hà Nội','Cần Thơ','0984106906');
INSERT INTO restaurants (id,name,address,area,phone) VALUES (38,'Restaurant 38','Street 176, Hồ Chí Minh','Hồ Chí Minh','0966278332');
INSERT INTO restaurants (id,name,address,area,phone) VALUES (39,'Restaurant 39','Street 22, Hồ Chí Minh','Cần Thơ','0918646943');
INSERT INTO restaurants (id,name,address,area,phone) VALUES (40,'Restaurant 40','Street 6, Đà Nẵng','Đà Nẵng','0926197839');
INSERT INTO restaurants (id,name,address,area,phone) VALUES (41,'Restaurant 41','Street 147, Cần Thơ','Huế','0938348922');
INSERT INTO restaurants (id,name,address,area,phone) VALUES (42,'Restaurant 42','Street 104, Cần Thơ','Huế','0968811024');
INSERT INTO restaurants (id,name,address,area,phone) VALUES (43,'Restaurant 43','Street 97, Hồ Chí Minh','Cần Thơ','0917950811');
INSERT INTO restaurants (id,name,address,area,phone) VALUES (44,'Restaurant 44','Street 44, Hà Nội','Hồ Chí Minh','0997172708');
INSERT INTO restaurants (id,name,address,area,phone) VALUES (45,'Restaurant 45','Street 84, Hồ Chí Minh','Hà Nội','0949207402');
INSERT INTO restaurants (id,name,address,area,phone) VALUES (46,'Restaurant 46','Street 138, Hà Nội','Huế','0992019953');
INSERT INTO restaurants (id,name,address,area,phone) VALUES (47,'Restaurant 47','Street 21, Hồ Chí Minh','Cần Thơ','0961342304');
INSERT INTO restaurants (id,name,address,area,phone) VALUES (48,'Restaurant 48','Street 118, Cần Thơ','Đà Nẵng','0957002258');
INSERT INTO restaurants (id,name,address,area,phone) VALUES (49,'Restaurant 49','Street 165, Hồ Chí Minh','Huế','0942416237');
INSERT INTO restaurants (id,name,address,area,phone) VALUES (50,'Restaurant 50','Street 136, Hà Nội','Huế','0969636996');
INSERT INTO users (id,name,email,password_hash,role) VALUES (1,'User 1','user1@example.com','e6c3da5b206634d7f3f3586d747ffdb36b5c675757b380c6a5fe5c570c714349','user');
INSERT INTO users (id,name,email,password_hash,role) VALUES (2,'User 2','user2@example.com','1ba3d16e9881959f8c9a9762854f72c6e6321cdd44358a10a4e939033117eab9','user');
INSERT INTO users (id,name,email,password_hash,role) VALUES (3,'User 3','user3@example.com','3acb59306ef6e660cf832d1d34c4fba3d88d616f0bb5c2a9e0f82d18ef6fc167','user');
INSERT INTO users (id,name,email,password_hash,role) VALUES (4,'User 4','user4@example.com','a417b5dc3d06d15d91c6687e27fc1705ebc56b3b2d813abe03066e5643fe4e74','user');
INSERT INTO users (id,name,email,password_hash,role) VALUES (5,'User 5','user5@example.com','0eeac8171768d0cdef3a20fee6db4362d019c91e10662a6b55186336e1a42778','user');
INSERT INTO users (id,name,email,password_hash,role) VALUES (6,'User 6','user6@example.com','5c4950c94a3461441c356afa783f76b83b38fd65f730f291403efbcc798acc1f','user');
INSERT INTO users (id,name,email,password_hash,role) VALUES (7,'User 7','user7@example.com','1526f5e0e31d42fe1c3664ce923ac22ac1333417a90b32043797ac454cd03112','user');
INSERT INTO users (id,name,email,password_hash,role) VALUES (8,'User 8','user8@example.com','c8fea5b0b76dc690feaf5544749f99b40e78e2a37c0e867a086696509416302a','user');
INSERT INTO users (id,name,email,password_hash,role) VALUES (9,'User 9','user9@example.com','2d4589473fb3f4581d7452cd25182159d68d2a50056a0cce35a529b010e32f2b','user');
INSERT INTO users (id,name,email,password_hash,role) VALUES (10,'User 10','user10@example.com','b35892cb8b089e03e4420b94df688122a2b76d4ad0f8b94ad20808bb029e48a5','user');
INSERT INTO users (id,name,email,password_hash,role) VALUES (11,'User 11','user11@example.com','8057f787ebd8b4f9d40f53d7fbbfcbdde7067c1a074435b68f525b3de0e2ac2b','user');
INSERT INTO users (id,name,email,password_hash,role) VALUES (12,'User 12','user12@example.com','fdac810d0c09f25c5ddcee9976ab1f1ae1973dba7c65152d95b0937bc2a6c883','user');
INSERT INTO users (id,name,email,password_hash,role) VALUES (13,'User 13','user13@example.com','1e53de2a2b4ab888cc24002ef8832d433b21956ab83ddeef989c8224b5c8f9f2','user');
INSERT INTO users (id,name,email,password_hash,role) VALUES (14,'User 14','user14@example.com','b78f24953963ac5ed773d6ec83120e3b1a65510201dc09ed2ed9e9781ba88870','user');
INSERT INTO users (id,name,email,password_hash,role) VALUES (15,'User 15','user15@example.com','b5a4ec869015095060b1171791334513f741177c4011e2c5c36e3e37a5ff8e5f','user');
INSERT INTO users (id,name,email,password_hash,role) VALUES (16,'User 16','user16@example.com','f0c28ba3fd9e0dcdcd0470acfcb98cc5a58d7d93422dbbefb930455ef714c87d','user');
INSERT INTO users (id,name,email,password_hash,role) VALUES (17,'User 17','user17@example.com','4a6b7fa040bcfc734a113fee84d3789c0a626d70d029afad0d1c3e7b6c562e14','user');
INSERT INTO users (id,name,email,password_hash,role) VALUES (18,'User 18','user18@example.com','b99ddd77e59c96b13b64b3abe1902db4c0a76dabf8622aa6c71f8f5670be6625','user');
INSERT INTO users (id,name,email,password_hash,role) VALUES (19,'User 19','user19@example.com','871431053023291d24b403f1f9d761c6f01b3050a0a83cd9d9759a970f8d4d92','user');
INSERT INTO users (id,name,email,password_hash,role) VALUES (20,'User 20','user20@example.com','51d11024031a8951b4722671adfc8587538f5e5417206e7862e60752758a5c35','user');
INSERT INTO users (id,name,email,password_hash,role) VALUES (21,'User 21','user21@example.com','2d6b3bb57cb9e22fa36516172ef096b30ae00d08eedc1499c599b6269975521d','user');
INSERT INTO users (id,name,email,password_hash,role) VALUES (22,'User 22','user22@example.com','d0f82756c4d40d20e1fdbc90cf4da4adff02fe23b355687525880514642f764e','user');
INSERT INTO users (id,name,email,password_hash,role) VALUES (23,'User 23','user23@example.com','8893186d24cce07e1c82f2e020d41177e699318b4be9535483fdf55edf58cd50','user');
INSERT INTO users (id,name,email,password_hash,role) VALUES (24,'User 24','user24@example.com','cafdc894eacc597ad76db1a750ccb876d4ed69c73b7d3d23f5e3a9e3b5c9fc2e','user');
INSERT INTO users (id,name,email,password_hash,role) VALUES (25,'User 25','user25@example.com','0028e1c0d2c60966390545414567d33bca9f0165fece6d0109c59a3f29b5fdd0','user');
INSERT INTO users (id,name,email,password_hash,role) VALUES (26,'User 26','user26@example.com','45e17065ddc6fb3a682f7732df5804652952dbe1f5ca5377a661515a8fcf66be','user');
INSERT INTO users (id,name,email,password_hash,role) VALUES (27,'User 27','user27@example.com','43b3ec9ea3961a319d37b4cc775d3f43f68709b62a93db10dd6c598137f28732','user');
INSERT INTO users (id,name,email,password_hash,role) VALUES (28,'User 28','user28@example.com','034a0cdf079dfa3ca924e07e3c509bbf50768d1949b021c0ea0030cff80ba4d1','user');
INSERT INTO users (id,name,email,password_hash,role) VALUES (29,'User 29','user29@example.com','53f6f072e26d36b9e55d5dc828872856d5286f18ce3818d367f9e4473e464a66','user');
INSERT INTO users (id,name,email,password_hash,role) VALUES (30,'User 30','user30@example.com','85fcbe6bf830f23209ea6a932921e8da31a653a24a20cb84e75c4997e505690b','user');
INSERT INTO users (id,name,email,password_hash,role) VALUES (31,'User 31','user31@example.com','3b3ad733c8571384c133694595c33d96c638b36f08a484bd0ad38bf312fdb294','user');
INSERT INTO users (id,name,email,password_hash,role) VALUES (32,'User 32','user32@example.com','451a8149ebd58dbd064e3337c6de5d4f4bb08cd70bbbd48d62a205bd706b6bb0','user');
INSERT INTO users (id,name,email,password_hash,role) VALUES (33,'User 33','user33@example.com','0756810289814362efbea8bb826fea0a7bc4318a7f22a4b27b48290cd39951a3','user');
INSERT INTO users (id,name,email,password_hash,role) VALUES (34,'User 34','user34@example.com','94cd5db06baf087fd56c0042adc1deb162d271acfb8b3eb0277069517998d489','user');
INSERT INTO users (id,name,email,password_hash,role) VALUES (35,'User 35','user35@example.com','5a66c7ba1398dd71c92a77cc7647c4183e6bf97b227e441bb2674a319b184e63','user');
INSERT INTO users (id,name,email,password_hash,role) VALUES (36,'User 36','user36@example.com','133f8a05107e5442771c85da3dec70050ae5f3273849326b4a4e2ceaab2ef058','user');
INSERT INTO users (id,name,email,password_hash,role) VALUES (37,'User 37','user37@example.com','1a31ac086ebf1341c916929e6d982767cd8568887d7c930ba8abd062afa08eac','user');
INSERT INTO users (id,name,email,password_hash,role) VALUES (38,'User 38','user38@example.com','b64171fda74426604480b9bf7c10ccdc2ebc80266c8667c42346f54ce87d4dec','user');
INSERT INTO users (id,name,email,password_hash,role) VALUES (39,'User 39','user39@example.com','099646084abbbc2c403c480bea87e7de23ce18db73a3e28251effef3ed49f1ea','user');
INSERT INTO users (id,name,email,password_hash,role) VALUES (40,'User 40','user40@example.com','d88a53cd8ffe65ab18d2c62882479559aa781642ce7a8d340b22fc0a637b0359','user');
INSERT INTO users (id,name,email,password_hash,role) VALUES (41,'User 41','user41@example.com','a8a5146b1f97c2c8987ccb3a87d2f30b8aa258c2a32cb96115bf381d42df875c','user');
INSERT INTO users (id,name,email,password_hash,role) VALUES (42,'User 42','user42@example.com','de3543c757d459090b9adaf9a80a54d54724a0f1600d4c77d6017dde58cf1189','user');
INSERT INTO users (id,name,email,password_hash,role) VALUES (43,'User 43','user43@example.com','db9aa0719dbf5cac40e44b268042014e9bc28b4134df9051a35f8c64f6603b6f','user');
INSERT INTO users (id,name,email,password_hash,role) VALUES (44,'User 44','user44@example.com','147eb7dd0f4c59120be8adb20f9dc4d4a0ccb27a0d48d7546dfa171dd980f075','user');
INSERT INTO users (id,name,email,password_hash,role) VALUES (45,'User 45','user45@example.com','64bf83fcf172a284e3db6b4cc76bb175184ee9dd57e77f0421e3e401ea3858e0','user');
INSERT INTO users (id,name,email,password_hash,role) VALUES (46,'User 46','user46@example.com','3f1b954c84d8216e09ae793664571dedb1e1bcc9a2bfdc2b6dc58db9a24fa7de','user');
INSERT INTO users (id,name,email,password_hash,role) VALUES (47,'User 47','user47@example.com','dbb70b94b6b192a1085e8056872daa4eb24002d47c82e88b1323f1a5882567ba','user');
INSERT INTO users (id,name,email,password_hash,role) VALUES (48,'User 48','user48@example.com','ffe4daf45af0e803fbe1fba2de5c7f7644f30b71ddb082100779d7884e0291c2','user');
INSERT INTO users (id,name,email,password_hash,role) VALUES (49,'User 49','user49@example.com','a0c69ae7ad7629347d41a89d9a558b26bd9b126a3a183f3498444843acd7270d','user');
INSERT INTO users (id,name,email,password_hash,role) VALUES (50,'User 50','user50@example.com','be46e03449534372e45f1abf511f78148625cf11d99f2f550e2f32b3a551dfb6','user');
INSERT INTO dishes (id,restaurant_id,category_id,name,description,price,is_available) VALUES (1,8,3,'Dish 1','Description 1',53875.24,1);
INSERT INTO dishes (id,restaurant_id,category_id,name,description,price,is_available) VALUES (2,30,3,'Dish 2','Description 2',190366.75,1);
INSERT INTO dishes (id,restaurant_id,category_id,name,description,price,is_available) VALUES (3,35,9,'Dish 3','Description 3',150137.83,1);
INSERT INTO dishes (id,restaurant_id,category_id,name,description,price,is_available) VALUES (4,5,1,'Dish 4','Description 4',164740.75,1);
INSERT INTO dishes (id,restaurant_id,category_id,name,description,price,is_available) VALUES (5,14,5,'Dish 5','Description 5',95067.18,1);
INSERT INTO dishes (id,restaurant_id,category_id,name,description,price,is_available) VALUES (6,1,6,'Dish 6','Description 6',47193.99,1);
INSERT INTO dishes (id,restaurant_id,category_id,name,description,price,is_available) VALUES (7,35,8,'Dish 7','Description 7',145521.51,1);
INSERT INTO dishes (id,restaurant_id,category_id,name,description,price,is_available) VALUES (8,32,2,'Dish 8','Description 8',113621.54,1);
INSERT INTO dishes (id,restaurant_id,category_id,name,description,price,is_available) VALUES (9,24,5,'Dish 9','Description 9',95905.73,1);
INSERT INTO dishes (id,restaurant_id,category_id,name,description,price,is_available) VALUES (10,4,7,'Dish 10','Description 10',124446.56,1);
INSERT INTO dishes (id,restaurant_id,category_id,name,description,price,is_available) VALUES (11,39,7,'Dish 11','Description 11',150907.59,1);
INSERT INTO dishes (id,restaurant_id,category_id,name,description,price,is_available) VALUES (12,33,3,'Dish 12','Description 12',186875.38,1);
INSERT INTO dishes (id,restaurant_id,category_id,name,description,price,is_available) VALUES (13,49,6,'Dish 13','Description 13',132541.74,1);
INSERT INTO dishes (id,restaurant_id,category_id,name,description,price,is_available) VALUES (14,13,4,'Dish 14','Description 14',135788.85,1);
INSERT INTO dishes (id,restaurant_id,category_id,name,description,price,is_available) VALUES (15,49,10,'Dish 15','Description 15',40252.22,1);
INSERT INTO dishes (id,restaurant_id,category_id,name,description,price,is_available) VALUES (16,44,6,'Dish 16','Description 16',136111.52,1);
INSERT INTO dishes (id,restaurant_id,category_id,name,description,price,is_available) VALUES (17,45,2,'Dish 17','Description 17',84785.97,1);
INSERT INTO dishes (id,restaurant_id,category_id,name,description,price,is_available) VALUES (18,28,8,'Dish 18','Description 18',193315.25,1);
INSERT INTO dishes (id,restaurant_id,category_id,name,description,price,is_available) VALUES (19,3,10,'Dish 19','Description 19',174271.04,1);
INSERT INTO dishes (id,restaurant_id,category_id,name,description,price,is_available) VALUES (20,22,8,'Dish 20','Description 20',184441.0,1);
INSERT INTO dishes (id,restaurant_id,category_id,name,description,price,is_available) VALUES (21,38,5,'Dish 21','Description 21',68022.2,1);
INSERT INTO dishes (id,restaurant_id,category_id,name,description,price,is_available) VALUES (22,29,7,'Dish 22','Description 22',38621.75,1);
INSERT INTO dishes (id,restaurant_id,category_id,name,description,price,is_available) VALUES (23,27,1,'Dish 23','Description 23',120544.05,1);
INSERT INTO dishes (id,restaurant_id,category_id,name,description,price,is_available) VALUES (24,34,8,'Dish 24','Description 24',77000.9,1);
INSERT INTO dishes (id,restaurant_id,category_id,name,description,price,is_available) VALUES (25,11,1,'Dish 25','Description 25',193879.43,1);
INSERT INTO dishes (id,restaurant_id,category_id,name,description,price,is_available) VALUES (26,33,10,'Dish 26','Description 26',71193.17,1);
INSERT INTO dishes (id,restaurant_id,category_id,name,description,price,is_available) VALUES (27,25,4,'Dish 27','Description 27',86220.14,1);
INSERT INTO dishes (id,restaurant_id,category_id,name,description,price,is_available) VALUES (28,36,10,'Dish 28','Description 28',131347.55,1);
INSERT INTO dishes (id,restaurant_id,category_id,name,description,price,is_available) VALUES (29,9,6,'Dish 29','Description 29',82344.0,1);
INSERT INTO dishes (id,restaurant_id,category_id,name,description,price,is_available) VALUES (30,33,5,'Dish 30','Description 30',112808.88,1);
INSERT INTO dishes (id,restaurant_id,category_id,name,description,price,is_available) VALUES (31,21,9,'Dish 31','Description 31',34364.17,1);
INSERT INTO dishes (id,restaurant_id,category_id,name,description,price,is_available) VALUES (32,39,10,'Dish 32','Description 32',60343.9,1);
INSERT INTO dishes (id,restaurant_id,category_id,name,description,price,is_available) VALUES (33,15,1,'Dish 33','Description 33',129924.83,1);
INSERT INTO dishes (id,restaurant_id,category_id,name,description,price,is_available) VALUES (34,2,1,'Dish 34','Description 34',66061.94,1);
INSERT INTO dishes (id,restaurant_id,category_id,name,description,price,is_available) VALUES (35,12,4,'Dish 35','Description 35',32595.55,1);
INSERT INTO dishes (id,restaurant_id,category_id,name,description,price,is_available) VALUES (36,41,3,'Dish 36','Description 36',51602.14,1);
INSERT INTO dishes (id,restaurant_id,category_id,name,description,price,is_available) VALUES (37,29,10,'Dish 37','Description 37',150616.4,1);
INSERT INTO dishes (id,restaurant_id,category_id,name,description,price,is_available) VALUES (38,28,2,'Dish 38','Description 38',33856.05,1);
INSERT INTO dishes (id,restaurant_id,category_id,name,description,price,is_available) VALUES (39,23,1,'Dish 39','Description 39',157759.59,1);
INSERT INTO dishes (id,restaurant_id,category_id,name,description,price,is_available) VALUES (40,23,7,'Dish 40','Description 40',79893.75,1);
INSERT INTO dishes (id,restaurant_id,category_id,name,description,price,is_available) VALUES (41,12,1,'Dish 41','Description 41',176302.86,1);
INSERT INTO dishes (id,restaurant_id,category_id,name,description,price,is_available) VALUES (42,2,4,'Dish 42','Description 42',165782.77,1);
INSERT INTO dishes (id,restaurant_id,category_id,name,description,price,is_available) VALUES (43,5,5,'Dish 43','Description 43',104584.93,1);
INSERT INTO dishes (id,restaurant_id,category_id,name,description,price,is_available) VALUES (44,26,7,'Dish 44','Description 44',135813.86,1);
INSERT INTO dishes (id,restaurant_id,category_id,name,description,price,is_available) VALUES (45,7,5,'Dish 45','Description 45',185200.8,1);
INSERT INTO dishes (id,restaurant_id,category_id,name,description,price,is_available) VALUES (46,4,7,'Dish 46','Description 46',36611.06,1);
INSERT INTO dishes (id,restaurant_id,category_id,name,description,price,is_available) VALUES (47,5,5,'Dish 47','Description 47',119155.52,1);
INSERT INTO dishes (id,restaurant_id,category_id,name,description,price,is_available) VALUES (48,12,10,'Dish 48','Description 48',161625.87,1);
INSERT INTO dishes (id,restaurant_id,category_id,name,description,price,is_available) VALUES (49,9,1,'Dish 49','Description 49',79350.71,1);
INSERT INTO dishes (id,restaurant_id,category_id,name,description,price,is_available) VALUES (50,23,9,'Dish 50','Description 50',137619.03,1);
INSERT INTO dishes (id,restaurant_id,category_id,name,description,price,is_available) VALUES (51,50,10,'Dish 51','Description 51',135815.98,1);
INSERT INTO dishes (id,restaurant_id,category_id,name,description,price,is_available) VALUES (52,4,8,'Dish 52','Description 52',102790.88,1);
INSERT INTO dishes (id,restaurant_id,category_id,name,description,price,is_available) VALUES (53,37,2,'Dish 53','Description 53',153970.37,1);
INSERT INTO dishes (id,restaurant_id,category_id,name,description,price,is_available) VALUES (54,25,5,'Dish 54','Description 54',151746.09,1);
INSERT INTO dishes (id,restaurant_id,category_id,name,description,price,is_available) VALUES (55,46,6,'Dish 55','Description 55',44185.43,1);
INSERT INTO dishes (id,restaurant_id,category_id,name,description,price,is_available) VALUES (56,29,3,'Dish 56','Description 56',193499.95,1);
INSERT INTO dishes (id,restaurant_id,category_id,name,description,price,is_available) VALUES (57,41,10,'Dish 57','Description 57',84665.02,1);
INSERT INTO dishes (id,restaurant_id,category_id,name,description,price,is_available) VALUES (58,38,5,'Dish 58','Description 58',75820.05,1);
INSERT INTO dishes (id,restaurant_id,category_id,name,description,price,is_available) VALUES (59,46,8,'Dish 59','Description 59',125014.5,1);
INSERT INTO dishes (id,restaurant_id,category_id,name,description,price,is_available) VALUES (60,15,5,'Dish 60','Description 60',172734.53,1);
INSERT INTO dishes (id,restaurant_id,category_id,name,description,price,is_available) VALUES (61,15,1,'Dish 61','Description 61',96705.82,1);
INSERT INTO dishes (id,restaurant_id,category_id,name,description,price,is_available) VALUES (62,20,1,'Dish 62','Description 62',51595.09,1);
INSERT INTO dishes (id,restaurant_id,category_id,name,description,price,is_available) VALUES (63,37,10,'Dish 63','Description 63',58288.36,1);
INSERT INTO dishes (id,restaurant_id,category_id,name,description,price,is_available) VALUES (64,28,6,'Dish 64','Description 64',154006.24,1);
INSERT INTO dishes (id,restaurant_id,category_id,name,description,price,is_available) VALUES (65,24,7,'Dish 65','Description 65',183851.93,1);
INSERT INTO dishes (id,restaurant_id,category_id,name,description,price,is_available) VALUES (66,50,9,'Dish 66','Description 66',35204.02,1);
INSERT INTO dishes (id,restaurant_id,category_id,name,description,price,is_available) VALUES (67,45,4,'Dish 67','Description 67',80105.05,1);
INSERT INTO dishes (id,restaurant_id,category_id,name,description,price,is_available) VALUES (68,44,1,'Dish 68','Description 68',119466.74,1);
INSERT INTO dishes (id,restaurant_id,category_id,name,description,price,is_available) VALUES (69,10,7,'Dish 69','Description 69',70761.33,1);
INSERT INTO dishes (id,restaurant_id,category_id,name,description,price,is_available) VALUES (70,42,7,'Dish 70','Description 70',169426.63,1);
INSERT INTO dishes (id,restaurant_id,category_id,name,description,price,is_available) VALUES (71,5,6,'Dish 71','Description 71',132647.73,1);
INSERT INTO dishes (id,restaurant_id,category_id,name,description,price,is_available) VALUES (72,38,10,'Dish 72','Description 72',178074.87,1);
INSERT INTO dishes (id,restaurant_id,category_id,name,description,price,is_available) VALUES (73,38,9,'Dish 73','Description 73',170115.06,1);
INSERT INTO dishes (id,restaurant_id,category_id,name,description,price,is_available) VALUES (74,45,8,'Dish 74','Description 74',117059.85,1);
INSERT INTO dishes (id,restaurant_id,category_id,name,description,price,is_available) VALUES (75,41,7,'Dish 75','Description 75',176458.17,1);
INSERT INTO dishes (id,restaurant_id,category_id,name,description,price,is_available) VALUES (76,42,7,'Dish 76','Description 76',116968.35,1);
INSERT INTO dishes (id,restaurant_id,category_id,name,description,price,is_available) VALUES (77,44,5,'Dish 77','Description 77',195377.7,1);
INSERT INTO dishes (id,restaurant_id,category_id,name,description,price,is_available) VALUES (78,26,1,'Dish 78','Description 78',150488.71,1);
INSERT INTO dishes (id,restaurant_id,category_id,name,description,price,is_available) VALUES (79,9,6,'Dish 79','Description 79',106373.09,1);
INSERT INTO dishes (id,restaurant_id,category_id,name,description,price,is_available) VALUES (80,6,3,'Dish 80','Description 80',70837.41,1);
INSERT INTO dishes (id,restaurant_id,category_id,name,description,price,is_available) VALUES (81,11,1,'Dish 81','Description 81',78623.0,1);
INSERT INTO dishes (id,restaurant_id,category_id,name,description,price,is_available) VALUES (82,30,7,'Dish 82','Description 82',93205.5,1);
INSERT INTO dishes (id,restaurant_id,category_id,name,description,price,is_available) VALUES (83,28,7,'Dish 83','Description 83',128566.91,1);
INSERT INTO dishes (id,restaurant_id,category_id,name,description,price,is_available) VALUES (84,34,6,'Dish 84','Description 84',132975.28,1);
INSERT INTO dishes (id,restaurant_id,category_id,name,description,price,is_available) VALUES (85,2,4,'Dish 85','Description 85',48028.85,1);
INSERT INTO dishes (id,restaurant_id,category_id,name,description,price,is_available) VALUES (86,46,3,'Dish 86','Description 86',194587.0,1);
INSERT INTO dishes (id,restaurant_id,category_id,name,description,price,is_available) VALUES (87,33,2,'Dish 87','Description 87',65015.11,1);
INSERT INTO dishes (id,restaurant_id,category_id,name,description,price,is_available) VALUES (88,15,6,'Dish 88','Description 88',164037.15,1);
INSERT INTO dishes (id,restaurant_id,category_id,name,description,price,is_available) VALUES (89,16,8,'Dish 89','Description 89',149823.7,1);
INSERT INTO dishes (id,restaurant_id,category_id,name,description,price,is_available) VALUES (90,20,4,'Dish 90','Description 90',168352.51,1);
INSERT INTO dishes (id,restaurant_id,category_id,name,description,price,is_available) VALUES (91,18,4,'Dish 91','Description 91',93594.64,1);
INSERT INTO dishes (id,restaurant_id,category_id,name,description,price,is_available) VALUES (92,15,3,'Dish 92','Description 92',189291.91,1);
INSERT INTO dishes (id,restaurant_id,category_id,name,description,price,is_available) VALUES (93,41,1,'Dish 93','Description 93',140298.16,1);
INSERT INTO dishes (id,restaurant_id,category_id,name,description,price,is_available) VALUES (94,32,9,'Dish 94','Description 94',59389.85,1);
INSERT INTO dishes (id,restaurant_id,category_id,name,description,price,is_available) VALUES (95,40,2,'Dish 95','Description 95',85773.21,1);
INSERT INTO dishes (id,restaurant_id,category_id,name,description,price,is_available) VALUES (96,46,10,'Dish 96','Description 96',32279.26,1);
INSERT INTO dishes (id,restaurant_id,category_id,name,description,price,is_available) VALUES (97,27,1,'Dish 97','Description 97',68569.12,1);
INSERT INTO dishes (id,restaurant_id,category_id,name,description,price,is_available) VALUES (98,12,4,'Dish 98','Description 98',68010.73,1);
INSERT INTO dishes (id,restaurant_id,category_id,name,description,price,is_available) VALUES (99,2,5,'Dish 99','Description 99',199655.37,1);
INSERT INTO dishes (id,restaurant_id,category_id,name,description,price,is_available) VALUES (100,3,9,'Dish 100','Description 100',48633.77,1);
INSERT INTO dishes (id,restaurant_id,category_id,name,description,price,is_available) VALUES (101,34,2,'Dish 101','Description 101',48916.12,1);
INSERT INTO dishes (id,restaurant_id,category_id,name,description,price,is_available) VALUES (102,49,7,'Dish 102','Description 102',111239.77,1);
INSERT INTO dishes (id,restaurant_id,category_id,name,description,price,is_available) VALUES (103,19,6,'Dish 103','Description 103',71056.54,1);
INSERT INTO dishes (id,restaurant_id,category_id,name,description,price,is_available) VALUES (104,43,7,'Dish 104','Description 104',45356.43,1);
INSERT INTO dishes (id,restaurant_id,category_id,name,description,price,is_available) VALUES (105,17,7,'Dish 105','Description 105',198449.4,1);
INSERT INTO dishes (id,restaurant_id,category_id,name,description,price,is_available) VALUES (106,28,3,'Dish 106','Description 106',42053.22,1);
INSERT INTO dishes (id,restaurant_id,category_id,name,description,price,is_available) VALUES (107,48,4,'Dish 107','Description 107',60657.35,1);
INSERT INTO dishes (id,restaurant_id,category_id,name,description,price,is_available) VALUES (108,9,7,'Dish 108','Description 108',90021.97,1);
INSERT INTO dishes (id,restaurant_id,category_id,name,description,price,is_available) VALUES (109,22,3,'Dish 109','Description 109',139487.82,1);
INSERT INTO dishes (id,restaurant_id,category_id,name,description,price,is_available) VALUES (110,45,10,'Dish 110','Description 110',101600.92,1);
INSERT INTO dishes (id,restaurant_id,category_id,name,description,price,is_available) VALUES (111,40,9,'Dish 111','Description 111',46239.97,1);
INSERT INTO dishes (id,restaurant_id,category_id,name,description,price,is_available) VALUES (112,27,3,'Dish 112','Description 112',135427.03,1);
INSERT INTO dishes (id,restaurant_id,category_id,name,description,price,is_available) VALUES (113,16,8,'Dish 113','Description 113',82636.41,1);
INSERT INTO dishes (id,restaurant_id,category_id,name,description,price,is_available) VALUES (114,50,4,'Dish 114','Description 114',85756.19,1);
INSERT INTO dishes (id,restaurant_id,category_id,name,description,price,is_available) VALUES (115,27,4,'Dish 115','Description 115',84974.0,1);
INSERT INTO dishes (id,restaurant_id,category_id,name,description,price,is_available) VALUES (116,46,5,'Dish 116','Description 116',186270.25,1);
INSERT INTO dishes (id,restaurant_id,category_id,name,description,price,is_available) VALUES (117,6,9,'Dish 117','Description 117',98384.09,1);
INSERT INTO dishes (id,restaurant_id,category_id,name,description,price,is_available) VALUES (118,12,1,'Dish 118','Description 118',55472.89,1);
INSERT INTO dishes (id,restaurant_id,category_id,name,description,price,is_available) VALUES (119,8,9,'Dish 119','Description 119',157940.16,1);
INSERT INTO dishes (id,restaurant_id,category_id,name,description,price,is_available) VALUES (120,11,4,'Dish 120','Description 120',157155.11,1);
INSERT INTO dishes (id,restaurant_id,category_id,name,description,price,is_available) VALUES (121,28,4,'Dish 121','Description 121',72971.66,1);
INSERT INTO dishes (id,restaurant_id,category_id,name,description,price,is_available) VALUES (122,1,1,'Dish 122','Description 122',129576.36,1);
INSERT INTO dishes (id,restaurant_id,category_id,name,description,price,is_available) VALUES (123,30,10,'Dish 123','Description 123',130826.73,1);
INSERT INTO dishes (id,restaurant_id,category_id,name,description,price,is_available) VALUES (124,42,1,'Dish 124','Description 124',60980.33,1);
INSERT INTO dishes (id,restaurant_id,category_id,name,description,price,is_available) VALUES (125,14,6,'Dish 125','Description 125',146391.14,1);
INSERT INTO dishes (id,restaurant_id,category_id,name,description,price,is_available) VALUES (126,1,7,'Dish 126','Description 126',135214.89,1);
INSERT INTO dishes (id,restaurant_id,category_id,name,description,price,is_available) VALUES (127,32,7,'Dish 127','Description 127',155504.65,1);
INSERT INTO dishes (id,restaurant_id,category_id,name,description,price,is_available) VALUES (128,1,10,'Dish 128','Description 128',172567.32,1);
INSERT INTO dishes (id,restaurant_id,category_id,name,description,price,is_available) VALUES (129,1,10,'Dish 129','Description 129',163108.62,1);
INSERT INTO dishes (id,restaurant_id,category_id,name,description,price,is_available) VALUES (130,45,10,'Dish 130','Description 130',74907.97,1);
INSERT INTO dishes (id,restaurant_id,category_id,name,description,price,is_available) VALUES (131,12,2,'Dish 131','Description 131',70770.31,1);
INSERT INTO dishes (id,restaurant_id,category_id,name,description,price,is_available) VALUES (132,35,9,'Dish 132','Description 132',59803.9,1);
INSERT INTO dishes (id,restaurant_id,category_id,name,description,price,is_available) VALUES (133,41,8,'Dish 133','Description 133',70952.49,1);
INSERT INTO dishes (id,restaurant_id,category_id,name,description,price,is_available) VALUES (134,12,8,'Dish 134','Description 134',42076.49,1);
INSERT INTO dishes (id,restaurant_id,category_id,name,description,price,is_available) VALUES (135,18,8,'Dish 135','Description 135',133124.2,1);
INSERT INTO dishes (id,restaurant_id,category_id,name,description,price,is_available) VALUES (136,23,6,'Dish 136','Description 136',171702.06,1);
INSERT INTO dishes (id,restaurant_id,category_id,name,description,price,is_available) VALUES (137,39,2,'Dish 137','Description 137',75653.84,1);
INSERT INTO dishes (id,restaurant_id,category_id,name,description,price,is_available) VALUES (138,50,2,'Dish 138','Description 138',163621.55,1);
INSERT INTO dishes (id,restaurant_id,category_id,name,description,price,is_available) VALUES (139,42,8,'Dish 139','Description 139',110101.85,1);
INSERT INTO dishes (id,restaurant_id,category_id,name,description,price,is_available) VALUES (140,19,9,'Dish 140','Description 140',35216.97,1);
INSERT INTO dishes (id,restaurant_id,category_id,name,description,price,is_available) VALUES (141,38,3,'Dish 141','Description 141',109346.58,1);
INSERT INTO dishes (id,restaurant_id,category_id,name,description,price,is_available) VALUES (142,32,8,'Dish 142','Description 142',68895.73,1);
INSERT INTO dishes (id,restaurant_id,category_id,name,description,price,is_available) VALUES (143,33,3,'Dish 143','Description 143',49508.75,1);
INSERT INTO dishes (id,restaurant_id,category_id,name,description,price,is_available) VALUES (144,14,2,'Dish 144','Description 144',137757.64,1);
INSERT INTO dishes (id,restaurant_id,category_id,name,description,price,is_available) VALUES (145,49,10,'Dish 145','Description 145',162547.83,1);
INSERT INTO dishes (id,restaurant_id,category_id,name,description,price,is_available) VALUES (146,27,6,'Dish 146','Description 146',102514.97,1);
INSERT INTO dishes (id,restaurant_id,category_id,name,description,price,is_available) VALUES (147,40,10,'Dish 147','Description 147',199269.6,1);
INSERT INTO dishes (id,restaurant_id,category_id,name,description,price,is_available) VALUES (148,26,10,'Dish 148','Description 148',122992.38,1);
INSERT INTO dishes (id,restaurant_id,category_id,name,description,price,is_available) VALUES (149,38,6,'Dish 149','Description 149',160826.62,1);
INSERT INTO dishes (id,restaurant_id,category_id,name,description,price,is_available) VALUES (150,28,4,'Dish 150','Description 150',85501.41,1);
INSERT INTO dishes (id,restaurant_id,category_id,name,description,price,is_available) VALUES (151,19,10,'Dish 151','Description 151',165086.19,1);
INSERT INTO dishes (id,restaurant_id,category_id,name,description,price,is_available) VALUES (152,41,8,'Dish 152','Description 152',53811.61,1);
INSERT INTO dishes (id,restaurant_id,category_id,name,description,price,is_available) VALUES (153,10,1,'Dish 153','Description 153',138701.52,1);
INSERT INTO dishes (id,restaurant_id,category_id,name,description,price,is_available) VALUES (154,25,5,'Dish 154','Description 154',177417.75,1);
INSERT INTO dishes (id,restaurant_id,category_id,name,description,price,is_available) VALUES (155,41,4,'Dish 155','Description 155',69919.15,1);
INSERT INTO dishes (id,restaurant_id,category_id,name,description,price,is_available) VALUES (156,21,7,'Dish 156','Description 156',171984.92,1);
INSERT INTO dishes (id,restaurant_id,category_id,name,description,price,is_available) VALUES (157,33,4,'Dish 157','Description 157',190916.62,1);
INSERT INTO dishes (id,restaurant_id,category_id,name,description,price,is_available) VALUES (158,47,10,'Dish 158','Description 158',58218.86,1);
INSERT INTO dishes (id,restaurant_id,category_id,name,description,price,is_available) VALUES (159,36,3,'Dish 159','Description 159',178028.37,1);
INSERT INTO dishes (id,restaurant_id,category_id,name,description,price,is_available) VALUES (160,39,3,'Dish 160','Description 160',190998.26,1);
INSERT INTO dishes (id,restaurant_id,category_id,name,description,price,is_available) VALUES (161,42,5,'Dish 161','Description 161',43281.15,1);
INSERT INTO dishes (id,restaurant_id,category_id,name,description,price,is_available) VALUES (162,33,1,'Dish 162','Description 162',68002.5,1);
INSERT INTO dishes (id,restaurant_id,category_id,name,description,price,is_available) VALUES (163,45,4,'Dish 163','Description 163',128833.01,1);
INSERT INTO dishes (id,restaurant_id,category_id,name,description,price,is_available) VALUES (164,50,3,'Dish 164','Description 164',46864.61,1);
INSERT INTO dishes (id,restaurant_id,category_id,name,description,price,is_available) VALUES (165,41,5,'Dish 165','Description 165',140922.0,1);
INSERT INTO dishes (id,restaurant_id,category_id,name,description,price,is_available) VALUES (166,32,6,'Dish 166','Description 166',67528.22,1);
INSERT INTO dishes (id,restaurant_id,category_id,name,description,price,is_available) VALUES (167,10,3,'Dish 167','Description 167',194533.29,1);
INSERT INTO dishes (id,restaurant_id,category_id,name,description,price,is_available) VALUES (168,27,6,'Dish 168','Description 168',166174.72,1);
INSERT INTO dishes (id,restaurant_id,category_id,name,description,price,is_available) VALUES (169,30,3,'Dish 169','Description 169',128027.58,1);
INSERT INTO dishes (id,restaurant_id,category_id,name,description,price,is_available) VALUES (170,34,9,'Dish 170','Description 170',176507.14,1);
INSERT INTO dishes (id,restaurant_id,category_id,name,description,price,is_available) VALUES (171,44,3,'Dish 171','Description 171',141729.57,1);
INSERT INTO dishes (id,restaurant_id,category_id,name,description,price,is_available) VALUES (172,18,5,'Dish 172','Description 172',103376.42,1);
INSERT INTO dishes (id,restaurant_id,category_id,name,description,price,is_available) VALUES (173,35,3,'Dish 173','Description 173',148807.81,1);
INSERT INTO dishes (id,restaurant_id,category_id,name,description,price,is_available) VALUES (174,46,10,'Dish 174','Description 174',167993.6,1);
INSERT INTO dishes (id,restaurant_id,category_id,name,description,price,is_available) VALUES (175,28,10,'Dish 175','Description 175',173099.13,1);
INSERT INTO dishes (id,restaurant_id,category_id,name,description,price,is_available) VALUES (176,31,9,'Dish 176','Description 176',45923.25,1);
INSERT INTO dishes (id,restaurant_id,category_id,name,description,price,is_available) VALUES (177,6,4,'Dish 177','Description 177',84750.37,1);
INSERT INTO dishes (id,restaurant_id,category_id,name,description,price,is_available) VALUES (178,39,10,'Dish 178','Description 178',69433.2,1);
INSERT INTO dishes (id,restaurant_id,category_id,name,description,price,is_available) VALUES (179,24,3,'Dish 179','Description 179',66320.85,1);
INSERT INTO dishes (id,restaurant_id,category_id,name,description,price,is_available) VALUES (180,5,4,'Dish 180','Description 180',166518.75,1);
INSERT INTO dishes (id,restaurant_id,category_id,name,description,price,is_available) VALUES (181,10,10,'Dish 181','Description 181',83614.92,1);
INSERT INTO dishes (id,restaurant_id,category_id,name,description,price,is_available) VALUES (182,19,7,'Dish 182','Description 182',68865.51,1);
INSERT INTO dishes (id,restaurant_id,category_id,name,description,price,is_available) VALUES (183,19,4,'Dish 183','Description 183',120270.25,1);
INSERT INTO dishes (id,restaurant_id,category_id,name,description,price,is_available) VALUES (184,49,2,'Dish 184','Description 184',39479.04,1);
INSERT INTO dishes (id,restaurant_id,category_id,name,description,price,is_available) VALUES (185,36,6,'Dish 185','Description 185',119775.89,1);
INSERT INTO dishes (id,restaurant_id,category_id,name,description,price,is_available) VALUES (186,11,10,'Dish 186','Description 186',76236.45,1);
INSERT INTO dishes (id,restaurant_id,category_id,name,description,price,is_available) VALUES (187,7,7,'Dish 187','Description 187',119159.34,1);
INSERT INTO dishes (id,restaurant_id,category_id,name,description,price,is_available) VALUES (188,45,6,'Dish 188','Description 188',97736.28,1);
INSERT INTO dishes (id,restaurant_id,category_id,name,description,price,is_available) VALUES (189,6,6,'Dish 189','Description 189',55152.0,1);
INSERT INTO dishes (id,restaurant_id,category_id,name,description,price,is_available) VALUES (190,15,8,'Dish 190','Description 190',183195.48,1);
INSERT INTO dishes (id,restaurant_id,category_id,name,description,price,is_available) VALUES (191,1,6,'Dish 191','Description 191',162506.83,1);
INSERT INTO dishes (id,restaurant_id,category_id,name,description,price,is_available) VALUES (192,2,10,'Dish 192','Description 192',176304.47,1);
INSERT INTO dishes (id,restaurant_id,category_id,name,description,price,is_available) VALUES (193,26,7,'Dish 193','Description 193',130153.77,1);
INSERT INTO dishes (id,restaurant_id,category_id,name,description,price,is_available) VALUES (194,43,6,'Dish 194','Description 194',101573.17,1);
INSERT INTO dishes (id,restaurant_id,category_id,name,description,price,is_available) VALUES (195,45,7,'Dish 195','Description 195',160688.4,1);
INSERT INTO dishes (id,restaurant_id,category_id,name,description,price,is_available) VALUES (196,21,5,'Dish 196','Description 196',95213.76,1);
INSERT INTO dishes (id,restaurant_id,category_id,name,description,price,is_available) VALUES (197,22,3,'Dish 197','Description 197',78639.89,1);
INSERT INTO dishes (id,restaurant_id,category_id,name,description,price,is_available) VALUES (198,19,8,'Dish 198','Description 198',107815.08,1);
INSERT INTO dishes (id,restaurant_id,category_id,name,description,price,is_available) VALUES (199,24,8,'Dish 199','Description 199',194998.24,1);
INSERT INTO dishes (id,restaurant_id,category_id,name,description,price,is_available) VALUES (200,20,5,'Dish 200','Description 200',112436.67,1);
INSERT INTO favorites (user_id,dish_id) VALUES (25,166);
INSERT INTO favorites (user_id,dish_id) VALUES (21,18);
INSERT INTO favorites (user_id,dish_id) VALUES (49,91);
INSERT INTO favorites (user_id,dish_id) VALUES (37,188);
INSERT INTO favorites (user_id,dish_id) VALUES (46,182);
INSERT INTO favorites (user_id,dish_id) VALUES (39,71);
INSERT INTO favorites (user_id,dish_id) VALUES (21,170);
INSERT INTO favorites (user_id,dish_id) VALUES (14,13);
INSERT INTO favorites (user_id,dish_id) VALUES (13,19);
INSERT INTO favorites (user_id,dish_id) VALUES (31,192);
INSERT INTO favorites (user_id,dish_id) VALUES (12,66);
INSERT INTO favorites (user_id,dish_id) VALUES (28,46);
INSERT INTO favorites (user_id,dish_id) VALUES (14,187);
INSERT INTO favorites (user_id,dish_id) VALUES (3,156);
INSERT INTO favorites (user_id,dish_id) VALUES (27,98);
INSERT INTO favorites (user_id,dish_id) VALUES (23,79);
INSERT INTO favorites (user_id,dish_id) VALUES (35,14);
INSERT INTO favorites (user_id,dish_id) VALUES (50,68);
INSERT INTO favorites (user_id,dish_id) VALUES (13,182);
INSERT INTO favorites (user_id,dish_id) VALUES (5,195);
INSERT INTO favorites (user_id,dish_id) VALUES (48,143);
INSERT INTO favorites (user_id,dish_id) VALUES (33,63);
INSERT INTO favorites (user_id,dish_id) VALUES (23,10);
INSERT INTO favorites (user_id,dish_id) VALUES (15,161);
INSERT INTO favorites (user_id,dish_id) VALUES (18,10);
INSERT INTO favorites (user_id,dish_id) VALUES (13,48);
INSERT INTO favorites (user_id,dish_id) VALUES (15,66);
INSERT INTO favorites (user_id,dish_id) VALUES (38,49);
INSERT INTO favorites (user_id,dish_id) VALUES (39,45);
INSERT INTO favorites (user_id,dish_id) VALUES (45,110);
INSERT INTO favorites (user_id,dish_id) VALUES (39,15);
INSERT INTO favorites (user_id,dish_id) VALUES (48,23);
INSERT INTO favorites (user_id,dish_id) VALUES (33,167);
INSERT INTO favorites (user_id,dish_id) VALUES (22,83);
INSERT INTO favorites (user_id,dish_id) VALUES (36,119);
INSERT INTO favorites (user_id,dish_id) VALUES (49,83);
INSERT INTO favorites (user_id,dish_id) VALUES (7,102);
INSERT INTO favorites (user_id,dish_id) VALUES (39,170);
INSERT INTO favorites (user_id,dish_id) VALUES (47,2);
INSERT INTO favorites (user_id,dish_id) VALUES (23,167);
INSERT INTO favorites (user_id,dish_id) VALUES (31,139);
INSERT INTO favorites (user_id,dish_id) VALUES (30,83);
INSERT INTO favorites (user_id,dish_id) VALUES (46,95);
INSERT INTO favorites (user_id,dish_id) VALUES (33,119);
INSERT INTO favorites (user_id,dish_id) VALUES (14,49);
INSERT INTO favorites (user_id,dish_id) VALUES (15,55);
INSERT INTO favorites (user_id,dish_id) VALUES (20,199);
INSERT INTO favorites (user_id,dish_id) VALUES (20,136);
INSERT INTO favorites (user_id,dish_id) VALUES (45,32);
INSERT INTO favorites (user_id,dish_id) VALUES (19,138);
INSERT INTO favorites (user_id,dish_id) VALUES (21,46);
INSERT INTO favorites (user_id,dish_id) VALUES (38,129);
INSERT INTO favorites (user_id,dish_id) VALUES (4,1);
INSERT INTO favorites (user_id,dish_id) VALUES (23,76);
INSERT INTO favorites (user_id,dish_id) VALUES (19,49);
INSERT INTO favorites (user_id,dish_id) VALUES (36,126);
INSERT INTO favorites (user_id,dish_id) VALUES (24,138);
INSERT INTO favorites (user_id,dish_id) VALUES (5,83);
INSERT INTO favorites (user_id,dish_id) VALUES (28,120);
INSERT INTO favorites (user_id,dish_id) VALUES (24,61);
INSERT INTO favorites (user_id,dish_id) VALUES (29,39);
INSERT INTO favorites (user_id,dish_id) VALUES (29,178);
INSERT INTO favorites (user_id,dish_id) VALUES (8,54);
INSERT INTO favorites (user_id,dish_id) VALUES (42,170);
INSERT INTO favorites (user_id,dish_id) VALUES (43,42);
INSERT INTO favorites (user_id,dish_id) VALUES (13,144);
INSERT INTO favorites (user_id,dish_id) VALUES (18,147);
INSERT INTO favorites (user_id,dish_id) VALUES (6,140);
INSERT INTO favorites (user_id,dish_id) VALUES (43,133);
INSERT INTO favorites (user_id,dish_id) VALUES (22,11);
INSERT INTO favorites (user_id,dish_id) VALUES (6,183);
INSERT INTO favorites (user_id,dish_id) VALUES (44,163);
INSERT INTO favorites (user_id,dish_id) VALUES (41,132);
INSERT INTO favorites (user_id,dish_id) VALUES (48,144);
INSERT INTO favorites (user_id,dish_id) VALUES (48,181);
INSERT INTO favorites (user_id,dish_id) VALUES (31,179);
INSERT INTO favorites (user_id,dish_id) VALUES (18,35);
INSERT INTO favorites (user_id,dish_id) VALUES (9,32);
INSERT INTO favorites (user_id,dish_id) VALUES (39,93);
INSERT INTO favorites (user_id,dish_id) VALUES (32,125);
INSERT INTO favorites (user_id,dish_id) VALUES (28,192);
INSERT INTO favorites (user_id,dish_id) VALUES (43,82);
INSERT INTO favorites (user_id,dish_id) VALUES (32,30);
INSERT INTO favorites (user_id,dish_id) VALUES (7,62);
INSERT INTO favorites (user_id,dish_id) VALUES (1,95);
INSERT INTO favorites (user_id,dish_id) VALUES (37,119);
INSERT INTO favorites (user_id,dish_id) VALUES (25,130);
INSERT INTO favorites (user_id,dish_id) VALUES (21,12);
INSERT INTO favorites (user_id,dish_id) VALUES (5,187);
INSERT INTO favorites (user_id,dish_id) VALUES (3,104);
INSERT INTO favorites (user_id,dish_id) VALUES (12,151);
INSERT INTO favorites (user_id,dish_id) VALUES (24,6);
INSERT INTO favorites (user_id,dish_id) VALUES (13,99);
INSERT INTO favorites (user_id,dish_id) VALUES (48,156);
INSERT INTO favorites (user_id,dish_id) VALUES (19,144);
INSERT INTO favorites (user_id,dish_id) VALUES (35,57);
INSERT INTO favorites (user_id,dish_id) VALUES (41,154);
INSERT INTO favorites (user_id,dish_id) VALUES (32,168);
INSERT INTO favorites (user_id,dish_id) VALUES (25,195);
INSERT INTO favorites (user_id,dish_id) VALUES (11,176);
INSERT INTO favorites (user_id,dish_id) VALUES (28,166);
INSERT INTO favorites (user_id,dish_id) VALUES (7,81);
INSERT INTO favorites (user_id,dish_id) VALUES (3,6);
INSERT INTO favorites (user_id,dish_id) VALUES (42,107);
INSERT INTO favorites (user_id,dish_id) VALUES (33,160);
INSERT INTO favorites (user_id,dish_id) VALUES (4,186);
INSERT INTO favorites (user_id,dish_id) VALUES (22,136);
INSERT INTO favorites (user_id,dish_id) VALUES (33,30);
INSERT INTO favorites (user_id,dish_id) VALUES (40,4);
INSERT INTO favorites (user_id,dish_id) VALUES (29,8);
INSERT INTO favorites (user_id,dish_id) VALUES (47,15);
INSERT INTO favorites (user_id,dish_id) VALUES (50,45);
INSERT INTO favorites (user_id,dish_id) VALUES (40,22);
INSERT INTO favorites (user_id,dish_id) VALUES (12,47);
INSERT INTO favorites (user_id,dish_id) VALUES (6,170);
INSERT INTO favorites (user_id,dish_id) VALUES (19,2);
INSERT INTO favorites (user_id,dish_id) VALUES (35,89);
INSERT INTO favorites (user_id,dish_id) VALUES (15,81);
INSERT INTO favorites (user_id,dish_id) VALUES (14,29);
INSERT INTO favorites (user_id,dish_id) VALUES (40,180);
INSERT INTO favorites (user_id,dish_id) VALUES (22,50);
INSERT INTO favorites (user_id,dish_id) VALUES (9,194);
INSERT INTO favorites (user_id,dish_id) VALUES (30,188);
INSERT INTO favorites (user_id,dish_id) VALUES (11,167);
INSERT INTO favorites (user_id,dish_id) VALUES (29,171);
INSERT INTO favorites (user_id,dish_id) VALUES (43,20);
INSERT INTO favorites (user_id,dish_id) VALUES (22,36);
INSERT INTO favorites (user_id,dish_id) VALUES (40,69);
INSERT INTO favorites (user_id,dish_id) VALUES (23,126);
INSERT INTO favorites (user_id,dish_id) VALUES (16,41);
INSERT INTO favorites (user_id,dish_id) VALUES (22,33);
INSERT INTO favorites (user_id,dish_id) VALUES (37,82);
INSERT INTO favorites (user_id,dish_id) VALUES (50,104);
INSERT INTO favorites (user_id,dish_id) VALUES (50,187);
INSERT INTO favorites (user_id,dish_id) VALUES (6,93);
INSERT INTO favorites (user_id,dish_id) VALUES (33,49);
INSERT INTO favorites (user_id,dish_id) VALUES (13,179);
INSERT INTO favorites (user_id,dish_id) VALUES (12,145);
INSERT INTO favorites (user_id,dish_id) VALUES (6,33);
INSERT INTO favorites (user_id,dish_id) VALUES (11,65);
INSERT INTO favorites (user_id,dish_id) VALUES (7,190);
INSERT INTO favorites (user_id,dish_id) VALUES (47,139);
INSERT INTO favorites (user_id,dish_id) VALUES (43,136);
INSERT INTO favorites (user_id,dish_id) VALUES (31,191);
INSERT INTO favorites (user_id,dish_id) VALUES (22,27);
INSERT INTO favorites (user_id,dish_id) VALUES (45,172);
INSERT INTO favorites (user_id,dish_id) VALUES (42,190);
INSERT INTO favorites (user_id,dish_id) VALUES (46,83);
INSERT INTO favorites (user_id,dish_id) VALUES (50,51);
INSERT INTO favorites (user_id,dish_id) VALUES (41,159);
INSERT INTO favorites (user_id,dish_id) VALUES (17,29);
INSERT INTO favorites (user_id,dish_id) VALUES (44,162);
INSERT INTO favorites (user_id,dish_id) VALUES (39,83);
INSERT INTO favorites (user_id,dish_id) VALUES (20,158);
INSERT INTO favorites (user_id,dish_id) VALUES (36,159);
INSERT INTO favorites (user_id,dish_id) VALUES (12,79);
INSERT INTO favorites (user_id,dish_id) VALUES (28,196);
INSERT INTO favorites (user_id,dish_id) VALUES (26,166);
INSERT INTO favorites (user_id,dish_id) VALUES (12,116);
INSERT INTO favorites (user_id,dish_id) VALUES (38,81);
INSERT INTO favorites (user_id,dish_id) VALUES (20,97);
INSERT INTO favorites (user_id,dish_id) VALUES (14,17);
INSERT INTO favorites (user_id,dish_id) VALUES (34,193);
INSERT INTO favorites (user_id,dish_id) VALUES (38,96);
INSERT INTO favorites (user_id,dish_id) VALUES (35,44);
INSERT INTO favorites (user_id,dish_id) VALUES (20,5);
INSERT INTO favorites (user_id,dish_id) VALUES (44,93);
INSERT INTO favorites (user_id,dish_id) VALUES (28,195);
INSERT INTO favorites (user_id,dish_id) VALUES (9,190);
INSERT INTO favorites (user_id,dish_id) VALUES (12,186);
INSERT INTO favorites (user_id,dish_id) VALUES (17,117);
INSERT INTO favorites (user_id,dish_id) VALUES (35,106);
INSERT INTO favorites (user_id,dish_id) VALUES (31,188);
INSERT INTO favorites (user_id,dish_id) VALUES (12,174);
INSERT INTO favorites (user_id,dish_id) VALUES (31,51);
INSERT INTO favorites (user_id,dish_id) VALUES (48,30);
INSERT INTO favorites (user_id,dish_id) VALUES (13,167);
INSERT INTO favorites (user_id,dish_id) VALUES (36,186);
INSERT INTO favorites (user_id,dish_id) VALUES (37,26);
INSERT INTO favorites (user_id,dish_id) VALUES (46,192);
INSERT INTO favorites (user_id,dish_id) VALUES (48,142);
INSERT INTO favorites (user_id,dish_id) VALUES (16,148);
INSERT INTO favorites (user_id,dish_id) VALUES (36,33);
INSERT INTO favorites (user_id,dish_id) VALUES (20,43);
INSERT INTO favorites (user_id,dish_id) VALUES (10,169);
INSERT INTO favorites (user_id,dish_id) VALUES (37,119);
INSERT INTO favorites (user_id,dish_id) VALUES (42,149);
INSERT INTO favorites (user_id,dish_id) VALUES (35,163);
INSERT INTO favorites (user_id,dish_id) VALUES (27,40);
INSERT INTO favorites (user_id,dish_id) VALUES (33,68);
INSERT INTO favorites (user_id,dish_id) VALUES (4,98);
INSERT INTO favorites (user_id,dish_id) VALUES (48,55);
INSERT INTO favorites (user_id,dish_id) VALUES (21,159);
INSERT INTO favorites (user_id,dish_id) VALUES (1,142);
INSERT INTO favorites (user_id,dish_id) VALUES (18,135);
INSERT INTO favorites (user_id,dish_id) VALUES (19,175);
INSERT INTO favorites (user_id,dish_id) VALUES (42,187);
INSERT INTO favorites (user_id,dish_id) VALUES (37,197);
INSERT INTO favorites (user_id,dish_id) VALUES (24,70);
INSERT INTO favorites (user_id,dish_id) VALUES (29,39);
INSERT INTO daily_suggestions (id,dish_id,suggestion_date,note) VALUES (1,4,CURDATE(),'Suggestion 1');
INSERT INTO daily_suggestions (id,dish_id,suggestion_date,note) VALUES (2,171,CURDATE(),'Suggestion 2');
INSERT INTO daily_suggestions (id,dish_id,suggestion_date,note) VALUES (3,64,CURDATE(),'Suggestion 3');
INSERT INTO daily_suggestions (id,dish_id,suggestion_date,note) VALUES (4,77,CURDATE(),'Suggestion 4');
INSERT INTO daily_suggestions (id,dish_id,suggestion_date,note) VALUES (5,116,CURDATE(),'Suggestion 5');
INSERT INTO daily_suggestions (id,dish_id,suggestion_date,note) VALUES (6,176,CURDATE(),'Suggestion 6');
INSERT INTO daily_suggestions (id,dish_id,suggestion_date,note) VALUES (7,192,CURDATE(),'Suggestion 7');
INSERT INTO daily_suggestions (id,dish_id,suggestion_date,note) VALUES (8,136,CURDATE(),'Suggestion 8');
INSERT INTO daily_suggestions (id,dish_id,suggestion_date,note) VALUES (9,187,CURDATE(),'Suggestion 9');
INSERT INTO daily_suggestions (id,dish_id,suggestion_date,note) VALUES (10,185,CURDATE(),'Suggestion 10');
INSERT INTO daily_suggestions (id,dish_id,suggestion_date,note) VALUES (11,57,CURDATE(),'Suggestion 11');
INSERT INTO daily_suggestions (id,dish_id,suggestion_date,note) VALUES (12,72,CURDATE(),'Suggestion 12');
INSERT INTO daily_suggestions (id,dish_id,suggestion_date,note) VALUES (13,145,CURDATE(),'Suggestion 13');
INSERT INTO daily_suggestions (id,dish_id,suggestion_date,note) VALUES (14,133,CURDATE(),'Suggestion 14');
INSERT INTO daily_suggestions (id,dish_id,suggestion_date,note) VALUES (15,8,CURDATE(),'Suggestion 15');
INSERT INTO daily_suggestions (id,dish_id,suggestion_date,note) VALUES (16,171,CURDATE(),'Suggestion 16');
INSERT INTO daily_suggestions (id,dish_id,suggestion_date,note) VALUES (17,162,CURDATE(),'Suggestion 17');
INSERT INTO daily_suggestions (id,dish_id,suggestion_date,note) VALUES (18,49,CURDATE(),'Suggestion 18');
INSERT INTO daily_suggestions (id,dish_id,suggestion_date,note) VALUES (19,187,CURDATE(),'Suggestion 19');
INSERT INTO daily_suggestions (id,dish_id,suggestion_date,note) VALUES (20,155,CURDATE(),'Suggestion 20');
INSERT INTO daily_suggestions (id,dish_id,suggestion_date,note) VALUES (21,147,CURDATE(),'Suggestion 21');
INSERT INTO daily_suggestions (id,dish_id,suggestion_date,note) VALUES (22,123,CURDATE(),'Suggestion 22');
INSERT INTO daily_suggestions (id,dish_id,suggestion_date,note) VALUES (23,10,CURDATE(),'Suggestion 23');
INSERT INTO daily_suggestions (id,dish_id,suggestion_date,note) VALUES (24,85,CURDATE(),'Suggestion 24');
INSERT INTO daily_suggestions (id,dish_id,suggestion_date,note) VALUES (25,54,CURDATE(),'Suggestion 25');
INSERT INTO daily_suggestions (id,dish_id,suggestion_date,note) VALUES (26,23,CURDATE(),'Suggestion 26');
INSERT INTO daily_suggestions (id,dish_id,suggestion_date,note) VALUES (27,151,CURDATE(),'Suggestion 27');
INSERT INTO daily_suggestions (id,dish_id,suggestion_date,note) VALUES (28,118,CURDATE(),'Suggestion 28');
INSERT INTO daily_suggestions (id,dish_id,suggestion_date,note) VALUES (29,17,CURDATE(),'Suggestion 29');
INSERT INTO daily_suggestions (id,dish_id,suggestion_date,note) VALUES (30,199,CURDATE(),'Suggestion 30');
INSERT INTO daily_suggestions (id,dish_id,suggestion_date,note) VALUES (31,72,CURDATE(),'Suggestion 31');
INSERT INTO daily_suggestions (id,dish_id,suggestion_date,note) VALUES (32,46,CURDATE(),'Suggestion 32');
INSERT INTO daily_suggestions (id,dish_id,suggestion_date,note) VALUES (33,90,CURDATE(),'Suggestion 33');
INSERT INTO daily_suggestions (id,dish_id,suggestion_date,note) VALUES (34,85,CURDATE(),'Suggestion 34');
INSERT INTO daily_suggestions (id,dish_id,suggestion_date,note) VALUES (35,39,CURDATE(),'Suggestion 35');
INSERT INTO daily_suggestions (id,dish_id,suggestion_date,note) VALUES (36,153,CURDATE(),'Suggestion 36');
INSERT INTO daily_suggestions (id,dish_id,suggestion_date,note) VALUES (37,191,CURDATE(),'Suggestion 37');
INSERT INTO daily_suggestions (id,dish_id,suggestion_date,note) VALUES (38,119,CURDATE(),'Suggestion 38');
INSERT INTO daily_suggestions (id,dish_id,suggestion_date,note) VALUES (39,168,CURDATE(),'Suggestion 39');
INSERT INTO daily_suggestions (id,dish_id,suggestion_date,note) VALUES (40,136,CURDATE(),'Suggestion 40');
INSERT INTO daily_suggestions (id,dish_id,suggestion_date,note) VALUES (41,51,CURDATE(),'Suggestion 41');
INSERT INTO daily_suggestions (id,dish_id,suggestion_date,note) VALUES (42,134,CURDATE(),'Suggestion 42');
INSERT INTO daily_suggestions (id,dish_id,suggestion_date,note) VALUES (43,154,CURDATE(),'Suggestion 43');
INSERT INTO daily_suggestions (id,dish_id,suggestion_date,note) VALUES (44,149,CURDATE(),'Suggestion 44');
INSERT INTO daily_suggestions (id,dish_id,suggestion_date,note) VALUES (45,110,CURDATE(),'Suggestion 45');
INSERT INTO daily_suggestions (id,dish_id,suggestion_date,note) VALUES (46,9,CURDATE(),'Suggestion 46');
INSERT INTO daily_suggestions (id,dish_id,suggestion_date,note) VALUES (47,79,CURDATE(),'Suggestion 47');
INSERT INTO daily_suggestions (id,dish_id,suggestion_date,note) VALUES (48,111,CURDATE(),'Suggestion 48');
INSERT INTO daily_suggestions (id,dish_id,suggestion_date,note) VALUES (49,90,CURDATE(),'Suggestion 49');
INSERT INTO daily_suggestions (id,dish_id,suggestion_date,note) VALUES (50,35,CURDATE(),'Suggestion 50');